{
  "manifest.json": 1670545472632,
  "i18n/i18n.properties": 1669244570097,
  "controller/App.controller.js": 1669201034427,
  "utils/locate-reuse-libs.js": 1669201034395,
  "model/models.js": 1669201034395,
  "model/formatter.js": 1669210226407,
  "data/data.js": 1669242762315,
  "custom/RejectAllDialog.js": 1669249314915,
  "custom/RePricingDialog.js": 1669879479511,
  "controller/View1.controller.js": 1669299437514,
  "controller/BaseController.js": 1669210162431,
  "i18n/i18n_en.properties": 1669244685709,
  "Component.js": 1669201034383,
  "Component-preload.js": 1670545473198,
  "data/data-dbg.js": 1669242762315,
  "model/models-dbg.js": 1669201034395,
  "model/formatter-dbg.js": 1669210226407,
  "controller/View1-dbg.controller.js": 1669299437514,
  "controller/BaseController-dbg.js": 1669210162431,
  "controller/App-dbg.controller.js": 1669201034427,
  "utils/locate-reuse-libs-dbg.js": 1669201034395,
  "custom/RejectAllDialog-dbg.js": 1669249314915,
  "custom/RePricingDialog-dbg.js": 1669879479511,
  "Component-dbg.js": 1669201034383,
  "view/View1.view.xml": 1669299095091,
  "view/App.view.xml": 1669201034431,
  "css/style.css": 1669201034431,
  "annotations/annotation.xml": 1669297690510,
  "index.html": 1669201034387
}