{
  "ext/fragments/filters_auart.fragment.xml": 1669960147247,
  "manifest.json": 1670493307432,
  "ext/controller/ListReportExt.controller.js": 1669942778499,
  "utils/locate-reuse-libs.js": 1669201556230,
  "Component.js": 1669201556222,
  "Component-preload.js": 1670493307616,
  "Component-dbg.js": 1669201556222,
  "utils/locate-reuse-libs-dbg.js": 1669201556230,
  "ext/controller/ListReportExt-dbg.controller.js": 1669942778499,
  "i18n/i18n.properties": 1669201556230,
  "annotations/annotation.xml": 1669201556234,
  "index.html": 1669201556222
}