<core:FragmentDefinition xmlns="sap.m" xmlns:smartfilterbar="sap.ui.comp.smartfilterbar" xmlns:core="sap.ui.core">
<smartfilterbar:ControlConfiguration groupId="_BASIC" 
    key="auart"
    label="판매문서유형"
    visibleInAdvancedArea="true">
    <smartfilterbar:customControl>
        <ComboBox id="filter_auart">
        <core:Item key="OR" text="OR"/>
        <core:Item key="CA" text="CA"/>
        <core:Item key="QT" text="QT"/>
    </ComboBox>
    </smartfilterbar:customControl>
</smartfilterbar:ControlConfiguration>
</core:FragmentDefinition>