<edmx:Edmx xmlns:edmx="http://docs.oasis-open.org/odata/ns/edmx" Version="4.0">
    <edmx:Reference Uri="https://sap.github.io/odata-vocabularies/vocabularies/UI.xml">
        <edmx:Include Namespace="com.sap.vocabularies.UI.v1" Alias="UI" />
    </edmx:Reference>
    <edmx:Reference Uri="/sap/opu/odata/sap/ZI_SO_LIST_CDS/$metadata">
        <edmx:Include Namespace="ZUI_POC08" />
    </edmx:Reference>
    <edmx:DataServices>
        <Schema xmlns="http://docs.oasis-open.org/odata/ns/edm" Namespace="local">
            <Annotations Target="ZUI_POC08.ZI_POC08_RESULTType">
                <Annotation Term="UI.SelectionFields">
                    <Collection>
                        <PropertyPath>auart</PropertyPath>
                        <PropertyPath>audat</PropertyPath>
                        <PropertyPath>vbeln</PropertyPath>
                        <PropertyPath>kunnr_txt</PropertyPath>
                        <PropertyPath>knkli_txt</PropertyPath>
                        <PropertyPath>vtweg</PropertyPath>
                    </Collection>
                </Annotation>
                <Annotation Term="UI.LineItem">
                    <Collection>
                        <Record Type="UI.DataField" >
                            <PropertyValue Property="Value" Path="audat"/>
                            <PropertyValue Property="Label" String="{i18n>lbl_audat}"/>
                            <Annotation Term="UI.Importance" EnumMember="UI.ImportanceType/High"/>
                        </Record>
                        <Record Type="UI.DataField">
                            <PropertyValue Property="Value" Path="auart"/>
                            <PropertyValue Property="Label" String="유형"/>
                            <Annotation Term="UI.Importance" EnumMember="UI.ImportanceType/High"/>
                        </Record>
                        <Record Type="UI.DataField">
                            <PropertyValue Property="Value" Path="vbeln"/>
                            <PropertyValue Property="Label" String="{i18n>lbl_vbeln}"/>
                            <Annotation Term="UI.Importance" EnumMember="UI.ImportanceType/High"/>
                        </Record>
                        <Record Type="UI.DataField">
                            <PropertyValue Property="Value" Path="vkorg"/>
                            <PropertyValue Property="Label" String="영업조직"/>
                            <Annotation Term="UI.Importance" EnumMember="UI.ImportanceType/High"/>
                        </Record>
                        <Record Type="UI.DataField">
                            <PropertyValue Property="Value" Path="vtweg"/>
                            <PropertyValue Property="Label" String="유통경로"/>
                            <Annotation Term="UI.Importance" EnumMember="UI.ImportanceType/High"/>
                        </Record>
                        <Record Type="UI.DataField">
                            <PropertyValue Property="Value" Path="spart"/>
                            <PropertyValue Property="Label" String="제품군"/>
                            <Annotation Term="UI.Importance" EnumMember="UI.ImportanceType/High"/>
                        </Record>
                        <Record Type="UI.DataField">
                            <PropertyValue Property="Value" Path="vkbur"/>
                            <PropertyValue Property="Label" String="사업장"/>
                            <Annotation Term="UI.Importance" EnumMember="UI.ImportanceType/High"/>
                        </Record>
                        <Record Type="UI.DataField">
                            <PropertyValue Property="Value" Path="vkgrp"/>
                            <PropertyValue Property="Label" String="영업그룹"/>
                            <Annotation Term="UI.Importance" EnumMember="UI.ImportanceType/High"/>
                        </Record>
                        <Record Type="UI.DataField">
                            <PropertyValue Property="Value" Path="ernam"/>
                            <PropertyValue Property="Label" String="생성자"/>
                            <Annotation Term="UI.Importance" EnumMember="UI.ImportanceType/High"/>
                        </Record>
                        <!-- <Record Type="UI.DataField">
                            <PropertyValue Property="Value" Path="abstk"/>
                            <PropertyValue Property="Label" String="거절"/>
                            <Annotation Term="UI.Importance" EnumMember="UI.ImportanceType/Low"/>
                        </Record>
                        <Record Type="UI.DataField">
                            <PropertyValue Property="Value" Path="cmpsa"/>
                            <PropertyValue Property="Label" String="여신"/>
                            <Annotation Term="UI.Importance" EnumMember="UI.ImportanceType/Low"/>
                        </Record>
                        <Record Type="UI.DataField">
                            <PropertyValue Property="Value" Path="lfstk"/>
                            <PropertyValue Property="Label" String="납품"/>
                            <Annotation Term="UI.Importance" EnumMember="UI.ImportanceType/Low"/>
                        </Record> -->
                        <Record Type="UI.DataField">
                            <PropertyValue Property="Value" Path="kunnr"/>
                            <PropertyValue Property="Label" String="판매처"/>
                            <Annotation Term="UI.Importance" EnumMember="UI.ImportanceType/High"/>
                        </Record>
                        <Record Type="UI.DataField">
                            <PropertyValue Property="Value" Path="kunnr_txt"/>
                            <PropertyValue Property="Label" String="판매처명"/>
                            <Annotation Term="UI.Importance" EnumMember="UI.ImportanceType/High"/>
                        </Record>
                        <Record Type="UI.DataField">
                            <PropertyValue Property="Value" Path="knkli"/>
                            <PropertyValue Property="Label" String="여신계정"/>
                            <Annotation Term="UI.Importance" EnumMember="UI.ImportanceType/High"/>
                        </Record>
                        <Record Type="UI.DataField">
                            <PropertyValue Property="Value" Path="knkli_txt"/>
                            <PropertyValue Property="Label" String="여신계정명"/>
                            <Annotation Term="UI.Importance" EnumMember="UI.ImportanceType/Low"/>
                        </Record>
                        <Record Type="UI.DataField">
                            <PropertyValue Property="Value" Path="open_orders"/>
                            <PropertyValue Property="Label" String="금액"/>
                            <Annotation Term="UI.Importance" EnumMember="UI.ImportanceType/High"/>
                        </Record>
                        <Record Type="UI.DataField">
                            <PropertyValue Property="Value" Path="waerk"/>
                            <PropertyValue Property="Label" String="통화"/>
                            <Annotation Term="UI.Importance" EnumMember="UI.ImportanceType/High"/>
                        </Record>
                        <Record Type="UI.DataField">
                            <PropertyValue Property="Value" Path="ctlpc"/>
                            <PropertyValue Property="Label" String="리스크"/>
                            <Annotation Term="UI.Importance" EnumMember="UI.ImportanceType/High"/>
                        </Record>
                    </Collection>
                </Annotation>
            </Annotations>
        </Schema>
    </edmx:DataServices>
</edmx:Edmx>
